idx,words,score,label
10542,oriented database,0.7662927099,0
10188,world wide,0.7457910225,0
10310,object oriented,0.9326551176,1
10645,world wide web,0.9118650149,1
10011,data mining,0.9467443490,1
10659,oriented database systems,0.6398832922,0
